pedido	data	cliente	qtd	produto	peso_total	preco_kg	peso_unitario	total
296	04/08/2026	Caebitex	10	75x120 REF Canela - Sanfonado	100,00	12,00	10,00	1200,00
297	04/08/2026	Um Metro	28	40x58 REF Canela - 250 uni	210,00	12,00	7,50	2520,00
298	04/08/2026	Celso	10	100L BL REF Preto	50,00	9,00	5,00	450,00
298	04/08/2026	Celso	10	200L REF Preto	50,00	9,00	5,00	450,00
298	04/08/2026	Celso	25	100L REF Preto	125,00	9,00	5,00	1125,00
298	04/08/2026	Celso	25	60L REF Preto	125,00	9,00	5,00	1125,00
298	04/08/2026	Celso	10	80L REF Preto	50,00	9,00	5,00	450,00
298	04/08/2026	Celso	10	100L Fino Preto - 100 uni	51,00	9,50	5,10	484,50
298	04/08/2026	Celso	30	60L Fino Preto - 100 uni	96,00	9,50	3,20	912,00
299	04/08/2026	Brasil Tropical	2	Bobina 72cm Médio Canela	98,00	12,00	49,00	1176,00
299	04/08/2026	Brasil Tropical	4	Bobina 50cm Médio Canela	133,00	12,00	33,25	1596,00
300	05/08/2026	Maria	5	20L Fino Preto - 100 uni	7,50	9,50	1,50	71,25
300	05/08/2026	Maria	5	40L Fino Preto - 100 uni	12,50	9,50	2,50	118,75
300	05/08/2026	Maria	5	60L Fino Preto - 100 uni	16,50	9,50	3,30	156,75
300	05/08/2026	Maria	5	100L BL Fino Preto - 100 uni	25,00	9,50	5,00	237,50
300	05/08/2026	Maria	5	100L Fino Preto - 100 uni	25,00	9,50	5,00	237,50
300	05/08/2026	Maria	5	200L REF Preto	25,00	9,50	5,00	237,50
301	05/08/2026	Mais Q Limpeza	49	300L P8 Preto - 4KG - Cód. 809	196,00	9,30	4,00	1822,80
301	05/08/2026	Mais Q Limpeza	15	300L P7 Preto - 3KG - Cód. 1437	45,00	9,30	3,00	418,50
301	05/08/2026	Mais Q Limpeza	30	100L P4 Preto - 2KG - Cód. 2356	60,00	9,30	2,00	558,00
301	05/08/2026	Mais Q Limpeza	31	100L P6 Preto - 2,3KG - Cód. 2357	71,30	9,30	2,30	663,09
301	05/08/2026	Mais Q Limpeza	50	100L P7 Preto - C/ 100 uni. - Cód.4242	225,00	9,30	4,50	2092,50
301	05/08/2026	Mais Q Limpeza	30	100L P8 Preto - 3,2KG - Cód. 3095	96,00	9,30	3,20	892,80
301	05/08/2026	Mais Q Limpeza	20	100L P9 Preto - 3,6KG - Cód. 3637	72,00	9,30	3,60	669,60
301	05/08/2026	Mais Q Limpeza	19	200L P6 Preto - C/ 100uni - Cód.4287	105,00	9,30	5,53	976,50
301	05/08/2026	Mais Q Limpeza	15	200L P8 Preto - C/ 100uni - Cód.4288	97,90	9,30	6,53	910,47
301	05/08/2026	Mais Q Limpeza	25	100L P7 Preto - 2,7KG - Cód. 2358	67,50	9,30	2,70	627,75
302	06/08/2026	Marcos	3	200L REF Preto	15,00	9,00	5,00	135,00
302	06/08/2026	Marcos	15	100L BL REF Preto	75,00	9,00	5,00	675,00
302	06/08/2026	Marcos	18	100L BL Fino Preto - 100 uni	90,00	9,00	5,00	810,00
302	06/08/2026	Marcos	10	60L Fino Preto - 100 uni	30,00	9,00	3,00	270,00
302	06/08/2026	Marcos	5	40L Fino Preto - 100 uni	12,50	9,00	2,50	112,50
302	06/08/2026	Marcos	15	20L Fino Preto - 100 uni	24,00	9,00	1,60	216,00
303	06/08/2026	Innova Limp	27	100L P5 Preto - 80 uni	108,00	9,50	4,00	1026,00
303	06/08/2026	Innova Limp	25	30L P2 Preto - 80 uni	40,00	9,50	1,60	380,00
303	06/08/2026	Innova Limp	8	200L P8 Preto - 80 uni	51,20	9,50	6,40	486,40
303	06/08/2026	Innova Limp	20	40L P2.5 Preto - 80 uni	40,00	9,50	2,00	380,00
304	06/08/2026	Celso	20	100L REF Preto	100,00	9,00	5,00	900,00
304	06/08/2026	Celso	5	80L REF Preto	25,00	9,00	5,00	225,00
304	06/08/2026	Celso	25	60L REF Preto	125,00	9,00	5,00	1125,00
304	06/08/2026	Celso	8	40L REF Preto	40,00	9,00	5,00	360,00
304	06/08/2026	Celso	14	100L Fino Preto - 100 uni	71,00	9,50	5,07	674,50
304	06/08/2026	Celso	20	60L Fino Preto - 100 uni	57,00	9,50	2,85	541,50
304	06/08/2026	Celso	20	40L Fino Preto - 100 uni	42,00	9,50	2,10	399,00
305	06/08/2026	Senhora dos Nós	2	Bobina 60cm REF Canela	79,00	12,00	39,50	948,00
306	06/08/2026	Manoel	30	100L REF Preto	150,00	9,50	5,00	1425,00
306	06/08/2026	Manoel	8	60L REF Preto	40,00	9,50	5,00	380,00
306	06/08/2026	Manoel	2	40L REF Preto	10,00	9,50	5,00	95,00
307	07/08/2026	Skimpack	50	100L BL REF Preto	250,00	9,00	5,00	2250,00
307	07/08/2026	Skimpack	30	60L REF Preto	150,00	9,00	5,00	1350,00
307	07/08/2026	Skimpack	5	40L REF Preto	25,00	9,00	5,00	225,00
307	07/08/2026	Skimpack	10	200L REF Preto	50,00	9,00	5,00	450,00
307	07/08/2026	Skimpack	10	100L BL Fino Preto - 100 uni	50,00	9,50	5,00	475,00
307	07/08/2026	Skimpack	40	60L Fino Preto - 100 uni	120,00	9,50	3,00	1140,00
307	07/08/2026	Skimpack	20	40L Fino Preto - 100 uni	40,00	9,50	2,00	380,00
307	07/08/2026	Skimpack	10	20L Fino Preto - 100 uni	13,00	9,50	1,30	123,50
308	10/08/2026	Marcos	50	100L BL REF Preto	250,00	9,00	5,00	2250,00
309	11/08/2026	Lauro	11	70x100 REF Canela	110,00	12,00	10,00	1320,00
310	11/08/2026	Sky Master	32	95x150 REF Canela	320,00	13,00	10,00	4160,00
310	11/08/2026	Sky Master	30	95x180 REF Canela	300,00	13,00	10,00	3900,00
310	11/08/2026	Sky Master	20	95x105 REF Canela	200,00	13,00	10,00	2600,00
311	12/08/2026	Maria	10	100L BL Fino Preto - 100 uni	50,00	9,50	5,00	475,00
311	12/08/2026	Maria	10	60L Fino Preto - 100 uni	33,00	9,50	3,30	313,50
311	12/08/2026	Maria	10	40L Fino Preto - 100 uni	25,00	9,50	2,50	237,50
311	12/08/2026	Maria	10	20L Fino Preto - 100 uni	15,00	9,50	1,50	142,50
311	12/08/2026	Maria	10	100L BL REF Preto	50,00	9,50	5,00	475,00
312	12/08/2026	Arena Buck	1	60L REF Preto	5,00	12,00	5,00	60,00
312	12/08/2026	Arena Buck	2	100L BL REF Preto	10,00	12,00	5,00	120,00
313	13/08/2026	Posto BR	2	100L BL REF Preto	10,00	12,00	5,00	120,00
314	13/08/2026	Arican	6	100L BL REF Preto	30,00	10,00	5,00	300,00
314	13/08/2026	Arican	6	200L REF Preto	30,00	10,00	5,00	300,00
314	13/08/2026	Arican	6	20L REF Preto	30,00	10,00	5,00	300,00
314	13/08/2026	Arican	6	60L REF Preto	30,00	10,00	5,00	300,00
315	13/08/2026	DellMac	10	90x150 REF Preto	100,00	10,00	10,00	1000,00
316	13/08/2026	Innova Limp	50	60L P3 Preto - 80 uni	120,00	9,50	2,40	1140,00
316	13/08/2026	Innova Limp	59	100L P4 Preto - 80 uni	188,80	9,50	3,20	1793,60
316	13/08/2026	Innova Limp	45	20L P1.5 Preto - 80 uni	54,00	9,50	1,20	513,00
316	13/08/2026	Innova Limp	10	100L P5 Preto - 80 uni	40,00	9,50	4,00	380,00
317	13/08/2026	Mazinho	20	100L REF Preto	100,00	9,50	5,00	950,00
317	13/08/2026	Mazinho	20	60L REF Preto	100,00	9,50	5,00	950,00
317	13/08/2026	Mazinho	10	40L REF Preto	50,00	9,50	5,00	475,00
317	13/08/2026	Mazinho	5	20L REF Preto	25,00	9,50	5,00	237,50
317	13/08/2026	Mazinho	2	200L REF Preto	10,00	9,50	5,00	95,00
318	13/08/2026	Um Metro	5	35x55 REF Canela	10,00	13,00	2,00	130,00
318	13/08/2026	Um Metro	38	40x58 REF Canela - 250 uni	285,00	12,00	7,50	3420,00
318	13/08/2026	Um Metro	4	61x82 REF Canela	24,00	12,00	6,00	288,00
319	14/08/2026	ACG Comercial	1	20L REF Preto	5,00	9,00	5,00	45,00
319	14/08/2026	ACG Comercial	1	40L REF Preto	5,00	9,00	5,00	45,00
319	14/08/2026	ACG Comercial	3	60L REF Preto	15,00	9,00	5,00	135,00
319	14/08/2026	ACG Comercial	2	100L BL REF Preto	10,00	9,00	5,00	90,00
320	14/08/2026	Rough Collie	10	20L REF Preto	50,00	9,00	5,00	450,00
320	14/08/2026	Rough Collie	3	60L REF Preto	15,00	9,00	5,00	135,00
320	14/08/2026	Rough Collie	1	100L BL REF Preto	5,00	9,00	5,00	45,00
321	14/08/2026	Maria	10	100L Fino Preto - 100 uni	60,00	9,50	6,00	570,00
322	14/08/2026	Anderson	4	Bobina 60cm REF Canela	288,00	11,00	72,00	3168,00
323	18/08/2026	Celso	5	100L BL REF Preto	25,00	9,00	5,00	225,00
323	18/08/2026	Celso	10	200L REF Preto	50,00	9,00	5,00	450,00
323	18/08/2026	Celso	40	100L REF Preto	200,00	9,00	5,00	1800,00
323	18/08/2026	Celso	10	60L REF Preto	50,00	9,00	5,00	450,00
323	18/08/2026	Celso	12	100L Fino Preto - 100 uni	62,00	9,50	5,17	589,00
323	18/08/2026	Celso	25	60L Fino Preto - 100 uni	80,00	9,50	3,20	760,00
323	18/08/2026	Celso	25	20L Fino Preto - 100 uni	38,00	9,50	1,52	361,00
324	18/08/2026	Innova Limp	40	100L P4 Preto - 80 uni	128,00	9,50	3,20	1216,00
324	18/08/2026	Innova Limp	20	100L P5 Preto - 80 uni	80,00	9,50	4,00	760,00
324	18/08/2026	Innova Limp	20	100L P7 Preto - 80 uni	112,00	9,50	5,60	1064,00
324	18/08/2026	Innova Limp	20	40L P2.5 Preto - 80 uni	40,00	9,50	2,00	380,00
325	18/08/2026	Brasil Tropical	5	70x140 REF Canela	49,00	12,00	9,80	588,00
325	18/08/2026	Brasil Tropical	5	70x80 REF Canela	50,00	12,00	10,00	600,00
325	18/08/2026	Brasil Tropical	6	80x95 REF Canela	56,00	12,00	9,33	672,00
326	18/08/2026	Jair	20	60L REF Preto	100,00	9,50	5,00	950,00
326	18/08/2026	Jair	10	100L REF Preto	50,00	9,50	5,00	475,00
326	18/08/2026	Jair	5	40L REF Preto	25,00	9,50	5,00	237,50
327	19/08/2026	Caebitex	5	300L REF Canela	50,00	12,00	10,00	600,00
327	19/08/2026	Caebitex	45	35x55 Fino Canela	225,00	12,00	5,00	2700,00
328	19/08/2026	Steel Fire	20	50x60 REF Canela	100,00	12,00	5,00	1200,00
329	20/08/2026	Priscila	25	100L BL REF Preto	125,00	10,00	5,00	1250,00
329	20/08/2026	Priscila	20	60L REF Preto	100,00	10,00	5,00	1000,00
330	20/08/2026	Acquaflex	815	65x100 REF Canela	96,00	11,50	0,12	1104,00
330	20/08/2026	Acquaflex	400	75x125 REF Canela	59,00	11,50	0,15	678,50
330	20/08/2026	Acquaflex	378	80x125 REF Canela	71,00	11,50	0,19	816,50
330	20/08/2026	Acquaflex	244	85x125 REF Canela	49,00	11,50	0,20	563,50
331	20/08/2026	Um Metro	26	40x58 REF Canela - 250 uni	195,00	12,00	7,50	2340,00
332	21/08/2026	Daniel	10	200L REF Preto	10,00	47,50	1,00	475,00
332	21/08/2026	Daniel	60	100L Fino Preto - 100 uni	60,00	50,00	1,00	3000,00
332	21/08/2026	Daniel	60	60L Fino Preto - 100 uni	60,00	30,00	1,00	1800,00
332	21/08/2026	Daniel	60	40L Fino Preto - 100 uni	60,00	25,00	1,00	1500,00
333	21/08/2026	Celso	10	100L Fino Preto - 100 uni	51,00	9,50	5,10	484,50
333	21/08/2026	Celso	20	60L Fino Preto - 100 uni	62,00	9,50	3,10	589,00
333	21/08/2026	Celso	15	40L Fino Preto - 100 uni	33,00	9,50	2,20	313,50
333	21/08/2026	Celso	10	200L REF Preto	50,00	9,00	5,00	450,00
333	21/08/2026	Celso	10	100L BL REF Preto	50,00	9,00	5,00	450,00
333	21/08/2026	Celso	20	100L REF Preto	100,00	9,00	5,00	900,00
333	21/08/2026	Celso	8	80L REF Preto	40,00	9,00	5,00	360,00
333	21/08/2026	Celso	15	60L REF Preto	75,00	9,00	5,00	675,00
333	21/08/2026	Celso	5	40L REF Preto	25,00	9,00	5,00	225,00
333	21/08/2026	Celso	5	20L REF Preto	25,00	9,00	5,00	225,00
334	21/08/2026	Innova Limp	10	100L P4 Preto - 80 uni	32,00	9,50	3,20	304,00
334	21/08/2026	Innova Limp	10	100L P5 Preto - 80 uni	40,00	9,50	4,00	380,00
334	21/08/2026	Innova Limp	20	60L P5 Preto - 80 uni	80,00	9,50	4,00	760,00
